{
  "project_info": {
    "project_number": "96034881015",
    "firebase_url": "https://realmex-wallpaper.firebaseio.com",
    "project_id": "realmex-wallpaper",
    "storage_bucket": "realmex-wallpaper.appspot.com"
  },
  "client": [
    {
      "client_info": {
        "mobilesdk_app_id": "1:96034881015:android:c3a26118398b0ae4",
        "android_client_info": {
          "package_name": "com.realmex.wallpaper.and.background"
        }
      },
      "oauth_client": [
        {
          "client_id": "96034881015-cr8l2udtlcfqvvco188bul63agh5tn25.apps.googleusercontent.com",
          "client_type": 1,
          "android_info": {
            "package_name": "com.realmex.wallpaper.and.background",
            "certificate_hash": "1464920ff188e3046ded6294c5d43289a6c06f7c"
          }
        },
        {
          "client_id": "96034881015-nqmom29cc2860srm94c3eilefg1idpjc.apps.googleusercontent.com",
          "client_type": 3
        }
      ],
      "api_key": [
        {
          "current_key": "AIzaSyA431lUq7YGJ2WO2pbt5TpfIzsuNwSjcWE"
        }
      ],
      "services": {
        "appinvite_service": {
          "other_platform_oauth_client": [
            {
              "client_id": "96034881015-nqmom29cc2860srm94c3eilefg1idpjc.apps.googleusercontent.com",
              "client_type": 3
            }
          ]
        }
      }
    }
  ],
  "configuration_version": "1"
}