{
  "project_info": {
    "project_number": "380711055220",
    "firebase_url": "https://mi-a3-wallpaper.firebaseio.com",
    "project_id": "mi-a3-wallpaper",
    "storage_bucket": "mi-a3-wallpaper.appspot.com"
  },
  "client": [
    {
      "client_info": {
        "mobilesdk_app_id": "1:380711055220:android:906cc6766bc207f7",
        "android_client_info": {
          "package_name": "com.mia3.wallpaperandbackgrounds"
        }
      },
      "oauth_client": [
        {
          "client_id": "380711055220-1ljfhs0647ijkud2aq8lis801midvtcu.apps.googleusercontent.com",
          "client_type": 1,
          "android_info": {
            "package_name": "com.mia3.wallpaperandbackgrounds",
            "certificate_hash": "1464920ff188e3046ded6294c5d43289a6c06f7c"
          }
        },
        {
          "client_id": "380711055220-9cf88824e925gkitm239egho6pmtbh4h.apps.googleusercontent.com",
          "client_type": 3
        }
      ],
      "api_key": [
        {
          "current_key": "AIzaSyDU9zsNIHRdP7FD4y0jQD_X-ERQ63LgzhA"
        }
      ],
      "services": {
        "appinvite_service": {
          "other_platform_oauth_client": [
            {
              "client_id": "380711055220-9cf88824e925gkitm239egho6pmtbh4h.apps.googleusercontent.com",
              "client_type": 3
            }
          ]
        }
      }
    }
  ],
  "configuration_version": "1"
}