{
  "project_info": {
    "project_number": "593727710031",
    "firebase_url": "https://marathi-video-status-c557d.firebaseio.com",
    "project_id": "marathi-video-status-c557d",
    "storage_bucket": "marathi-video-status-c557d.appspot.com"
  },
  "client": [
    {
      "client_info": {
        "mobilesdk_app_id": "1:593727710031:android:3df74222f5e3655be6db3a",
        "android_client_info": {
          "package_name": "com.marathivideostatus.forwhatsapp"
        }
      },
      "oauth_client": [
        {
          "client_id": "593727710031-nt986ce6hov22rr5o9583vuo1dcj2gm3.apps.googleusercontent.com",
          "client_type": 1,
          "android_info": {
            "package_name": "com.marathivideostatus.forwhatsapp",
            "certificate_hash": "1464920ff188e3046ded6294c5d43289a6c06f7c"
          }
        },
        {
          "client_id": "593727710031-81rolvcmtmteej61da2f3t1rcaujq6jp.apps.googleusercontent.com",
          "client_type": 3
        }
      ],
      "api_key": [
        {
          "current_key": "AIzaSyA_3TD1jTuQ-s19S1GzYP0FnPfC2FzKl5Y"
        }
      ],
      "services": {
        "appinvite_service": {
          "other_platform_oauth_client": [
            {
              "client_id": "593727710031-81rolvcmtmteej61da2f3t1rcaujq6jp.apps.googleusercontent.com",
              "client_type": 3
            }
          ]
        }
      }
    }
  ],
  "configuration_version": "1"
}