{
  "project_info": {
    "project_number": "938949002096",
    "firebase_url": "https://bhojpuri-video-status-a6095.firebaseio.com",
    "project_id": "bhojpuri-video-status-a6095",
    "storage_bucket": "bhojpuri-video-status-a6095.appspot.com"
  },
  "client": [
    {
      "client_info": {
        "mobilesdk_app_id": "1:938949002096:android:a75dd631f69af7625e05b5",
        "android_client_info": {
          "package_name": "com.latestbhojpurivideostatus.gana"
        }
      },
      "oauth_client": [
        {
          "client_id": "938949002096-cva159kp6dgv18914j0hqegpg5ubmsd6.apps.googleusercontent.com",
          "client_type": 1,
          "android_info": {
            "package_name": "com.latestbhojpurivideostatus.gana",
            "certificate_hash": "1464920ff188e3046ded6294c5d43289a6c06f7c"
          }
        },
        {
          "client_id": "938949002096-v3bcvg9qoj41dv3mo8853vfo4otusp7e.apps.googleusercontent.com",
          "client_type": 3
        }
      ],
      "api_key": [
        {
          "current_key": "AIzaSyDNpEUE4pUMphqMLoJaPFsSZQPdi10Z_Tg"
        }
      ],
      "services": {
        "appinvite_service": {
          "other_platform_oauth_client": [
            {
              "client_id": "938949002096-v3bcvg9qoj41dv3mo8853vfo4otusp7e.apps.googleusercontent.com",
              "client_type": 3
            }
          ]
        }
      }
    }
  ],
  "configuration_version": "1"
}