{
  "project_info": {
    "project_number": "15688384961",
    "firebase_url": "https://gym-workout-250114.firebaseio.com",
    "project_id": "gym-workout-250114",
    "storage_bucket": "gym-workout-250114.appspot.com"
  },
  "client": [
    {
      "client_info": {
        "mobilesdk_app_id": "1:15688384961:android:6a04338feb90bd43",
        "android_client_info": {
          "package_name": "com.gymworkoutguide.formen"
        }
      },
      "oauth_client": [
        {
          "client_id": "15688384961-tpls1vvg4vehjirjtjonjq5lv8qj5dke.apps.googleusercontent.com",
          "client_type": 1,
          "android_info": {
            "package_name": "com.gymworkoutguide.formen",
            "certificate_hash": "1464920ff188e3046ded6294c5d43289a6c06f7c"
          }
        },
        {
          "client_id": "15688384961-jhmt3h9lgekv1nlmhrufp9pmctnmj1fh.apps.googleusercontent.com",
          "client_type": 3
        }
      ],
      "api_key": [
        {
          "current_key": "AIzaSyArjTrRYYW8T1iF41LkveDOFKAQMKcw40M"
        }
      ],
      "services": {
        "appinvite_service": {
          "other_platform_oauth_client": [
            {
              "client_id": "15688384961-jhmt3h9lgekv1nlmhrufp9pmctnmj1fh.apps.googleusercontent.com",
              "client_type": 3
            }
          ]
        }
      }
    }
  ],
  "configuration_version": "1"
}