{
  "project_info": {
    "project_number": "638393329960",
    "firebase_url": "https://akbar-birbal-varta-in-gujarati.firebaseio.com",
    "project_id": "akbar-birbal-varta-in-gujarati",
    "storage_bucket": "akbar-birbal-varta-in-gujarati.appspot.com"
  },
  "client": [
    {
      "client_info": {
        "mobilesdk_app_id": "1:638393329960:android:e48c13ca151417bc77c81d",
        "android_client_info": {
          "package_name": "com.akbarbirbalnivarta.gujarati"
        }
      },
      "oauth_client": [
        {
          "client_id": "638393329960-kmich96hq4eb8qg8oht9jekm11c9gopq.apps.googleusercontent.com",
          "client_type": 3
        }
      ],
      "api_key": [
        {
          "current_key": "AIzaSyBNl-2bYDn4uKht3R1WnAV203QjsZuQuSQ"
        }
      ],
      "services": {
        "appinvite_service": {
          "other_platform_oauth_client": [
            {
              "client_id": "638393329960-kmich96hq4eb8qg8oht9jekm11c9gopq.apps.googleusercontent.com",
              "client_type": 3
            }
          ]
        }
      }
    }
  ],
  "configuration_version": "1"
}