{
  "project_info": {
    "project_number": "901447575279",
    "firebase_url": "https://swamivivekanand-images.firebaseio.com",
    "project_id": "swamivivekanand-images",
    "storage_bucket": "swamivivekanand-images.appspot.com"
  },
  "client": [
    {
      "client_info": {
        "mobilesdk_app_id": "1:901447575279:android:ee7f5d5c1c6dd451",
        "android_client_info": {
          "package_name": "com.vivekanandaquotes.images.andanmolvachan"
        }
      },
      "oauth_client": [
        {
          "client_id": "901447575279-soo6m9qdsd37tlfnq8g7iat2da0qhdb9.apps.googleusercontent.com",
          "client_type": 1,
          "android_info": {
            "package_name": "com.vivekanandaquotes.images.andanmolvachan",
            "certificate_hash": "1464920ff188e3046ded6294c5d43289a6c06f7c"
          }
        },
        {
          "client_id": "901447575279-4c4m5j1i79lqd3t64b0cpq6kt4d8uh1s.apps.googleusercontent.com",
          "client_type": 3
        }
      ],
      "api_key": [
        {
          "current_key": "AIzaSyC1Bi6YVAJXK_yUEn1dsMlVotwRk9Ez-xc"
        }
      ],
      "services": {
        "appinvite_service": {
          "other_platform_oauth_client": [
            {
              "client_id": "901447575279-4c4m5j1i79lqd3t64b0cpq6kt4d8uh1s.apps.googleusercontent.com",
              "client_type": 3
            }
          ]
        }
      }
    }
  ],
  "configuration_version": "1"
}