{
  "project_info": {
    "project_number": "365931189701",
    "firebase_url": "https://republic-day-videos-status.firebaseio.com",
    "project_id": "republic-day-videos-status",
    "storage_bucket": "republic-day-videos-status.appspot.com"
  },
  "client": [
    {
      "client_info": {
        "mobilesdk_app_id": "1:365931189701:android:b1acb8f0329e68cd3f67ac",
        "android_client_info": {
          "package_name": "com.happyrepublicday.videosforstorystatus"
        }
      },
      "oauth_client": [
        {
          "client_id": "365931189701-k4g1gslkmo9n9nj52aehvkp3bsbjl6ef.apps.googleusercontent.com",
          "client_type": 1,
          "android_info": {
            "package_name": "com.happyrepublicday.videosforstorystatus",
            "certificate_hash": "1464920ff188e3046ded6294c5d43289a6c06f7c"
          }
        },
        {
          "client_id": "365931189701-rkcopghbbbfq5kbttsr0657v1d969tub.apps.googleusercontent.com",
          "client_type": 3
        }
      ],
      "api_key": [
        {
          "current_key": "AIzaSyCFq-M076nKR4s---Zuu-bMiFl14Ic4ubw"
        }
      ],
      "services": {
        "appinvite_service": {
          "other_platform_oauth_client": [
            {
              "client_id": "365931189701-rkcopghbbbfq5kbttsr0657v1d969tub.apps.googleusercontent.com",
              "client_type": 3
            }
          ]
        }
      }
    }
  ],
  "configuration_version": "1"
}