{
  "project_info": {
    "project_number": "147485141141",
    "firebase_url": "https://gujarati-recipe-bcb57.firebaseio.com",
    "project_id": "gujarati-recipe-bcb57",
    "storage_bucket": "gujarati-recipe-bcb57.appspot.com"
  },
  "client": [
    {
      "client_info": {
        "mobilesdk_app_id": "1:147485141141:android:d3aeb498b133cd1e",
        "android_client_info": {
          "package_name": "com.gujarati.recipe"
        }
      },
      "oauth_client": [
        {
          "client_id": "147485141141-f3km123lmj8p9qej4g4kcfndv87qoeep.apps.googleusercontent.com",
          "client_type": 1,
          "android_info": {
            "package_name": "com.gujarati.recipe",
            "certificate_hash": "1464920ff188e3046ded6294c5d43289a6c06f7c"
          }
        },
        {
          "client_id": "147485141141-qu7r36b0nmtohd94m3tqioec9a9v0i83.apps.googleusercontent.com",
          "client_type": 3
        }
      ],
      "api_key": [
        {
          "current_key": "AIzaSyDZyc-q-VB1HUfWc0Z3TeHWAy_Jr6cwMp8"
        }
      ],
      "services": {
        "appinvite_service": {
          "other_platform_oauth_client": [
            {
              "client_id": "147485141141-qu7r36b0nmtohd94m3tqioec9a9v0i83.apps.googleusercontent.com",
              "client_type": 3
            }
          ]
        }
      }
    }
  ],
  "configuration_version": "1"
}