{
  "project_info": {
    "project_number": "10410164275",
    "firebase_url": "https://note9wallpaper.firebaseio.com",
    "project_id": "note9wallpaper",
    "storage_bucket": "note9wallpaper.appspot.com"
  },
  "client": [
    {
      "client_info": {
        "mobilesdk_app_id": "1:10410164275:android:687955de2553cac2f02346",
        "android_client_info": {
          "package_name": "com.simpleapps.note9wallpapers"
        }
      },
      "oauth_client": [
        {
          "client_id": "10410164275-8ino8h5gf916f1mg5scibchpcje607gc.apps.googleusercontent.com",
          "client_type": 3
        }
      ],
      "api_key": [
        {
          "current_key": "AIzaSyDNHCwCvJ9tNreTUMYpjdIAWxeTKWn6tzU"
        }
      ],
      "services": {
        "appinvite_service": {
          "other_platform_oauth_client": [
            {
              "client_id": "10410164275-8ino8h5gf916f1mg5scibchpcje607gc.apps.googleusercontent.com",
              "client_type": 3
            }
          ]
        }
      }
    }
  ],
  "configuration_version": "1"
}