{
  "project_info": {
    "project_number": "538118940377",
    "firebase_url": "https://mahakal-attitudes.firebaseio.com",
    "project_id": "mahakal-attitudes",
    "storage_bucket": "mahakal-attitudes.appspot.com"
  },
  "client": [
    {
      "client_info": {
        "mobilesdk_app_id": "1:538118940377:android:0081e9727bc3b44f",
        "android_client_info": {
          "package_name": "com.mahakal.mahadevattitudestatusandimages"
        }
      },
      "oauth_client": [
        {
          "client_id": "538118940377-gbq1imffaqdd4lnii2mf4ci8tg56uulc.apps.googleusercontent.com",
          "client_type": 1,
          "android_info": {
            "package_name": "com.mahakal.mahadevattitudestatusandimages",
            "certificate_hash": "a23ecdec426bca8f2060e7e1c6743f4cdfd01377"
          }
        },
        {
          "client_id": "538118940377-7gr2mbsag7j3vom1lrs53r2cihj8bgtb.apps.googleusercontent.com",
          "client_type": 3
        }
      ],
      "api_key": [
        {
          "current_key": "AIzaSyCy0QewHBOMH5AZvO_Z2m6xhcIyhP5REns"
        }
      ],
      "services": {
        "appinvite_service": {
          "other_platform_oauth_client": [
            {
              "client_id": "538118940377-7gr2mbsag7j3vom1lrs53r2cihj8bgtb.apps.googleusercontent.com",
              "client_type": 3
            }
          ]
        }
      }
    }
  ],
  "configuration_version": "1"
}