{
  "project_info": {
    "project_number": "440566067467",
    "firebase_url": "https://chankya-nitin-anmol-vachan.firebaseio.com",
    "project_id": "chankya-nitin-anmol-vachan",
    "storage_bucket": "chankya-nitin-anmol-vachan.appspot.com"
  },
  "client": [
    {
      "client_info": {
        "mobilesdk_app_id": "1:440566067467:android:c7a32a7d79595951c0320e",
        "android_client_info": {
          "package_name": "com.chankyaniti.anmolvachan.andquotes"
        }
      },
      "oauth_client": [
        {
          "client_id": "440566067467-qlptsun6t0tvb8fr1uo3te80nh1jkem0.apps.googleusercontent.com",
          "client_type": 1,
          "android_info": {
            "package_name": "com.chankyaniti.anmolvachan.andquotes",
            "certificate_hash": "1464920ff188e3046ded6294c5d43289a6c06f7c"
          }
        },
        {
          "client_id": "440566067467-hghlll219de51k42hvjoqfdd0l7fttm9.apps.googleusercontent.com",
          "client_type": 3
        }
      ],
      "api_key": [
        {
          "current_key": "AIzaSyCedHcLYe9uSUA1aaYQbWaTU2j9ISSSfaI"
        }
      ],
      "services": {
        "appinvite_service": {
          "other_platform_oauth_client": [
            {
              "client_id": "440566067467-hghlll219de51k42hvjoqfdd0l7fttm9.apps.googleusercontent.com",
              "client_type": 3
            }
          ]
        }
      }
    }
  ],
  "configuration_version": "1"
}