{
  "project_info": {
    "project_number": "863300060453",
    "firebase_url": "https://sardar-patel-quotes-fa6df.firebaseio.com",
    "project_id": "sardar-patel-quotes-fa6df",
    "storage_bucket": "sardar-patel-quotes-fa6df.appspot.com"
  },
  "client": [
    {
      "client_info": {
        "mobilesdk_app_id": "1:863300060453:android:65c22bce992e19540386cc",
        "android_client_info": {
          "package_name": "com.sardarpatelquotes.ironmanofindia"
        }
      },
      "oauth_client": [
        {
          "client_id": "863300060453-i6tr0ivhhq0ccpkfvqu82r1h3uvr51li.apps.googleusercontent.com",
          "client_type": 1,
          "android_info": {
            "package_name": "com.sardarpatelquotes.ironmanofindia",
            "certificate_hash": "1464920ff188e3046ded6294c5d43289a6c06f7c"
          }
        },
        {
          "client_id": "863300060453-23oq2norp71mj77398pum7a5mrmensuo.apps.googleusercontent.com",
          "client_type": 3
        }
      ],
      "api_key": [
        {
          "current_key": "AIzaSyBepXGrn7mPGQSBhx-yRZ3X-zs3Po6oScg"
        }
      ],
      "services": {
        "appinvite_service": {
          "other_platform_oauth_client": [
            {
              "client_id": "863300060453-23oq2norp71mj77398pum7a5mrmensuo.apps.googleusercontent.com",
              "client_type": 3
            }
          ]
        }
      }
    }
  ],
  "configuration_version": "1"
}