{
  "project_info": {
    "project_number": "1083419447082",
    "firebase_url": "https://malayalam-video-status-d9e24.firebaseio.com",
    "project_id": "malayalam-video-status-d9e24",
    "storage_bucket": "malayalam-video-status-d9e24.appspot.com"
  },
  "client": [
    {
      "client_info": {
        "mobilesdk_app_id": "1:1083419447082:android:48d87002059b2ef9d19853",
        "android_client_info": {
          "package_name": "com.malayalamvideostatus.forwhatsapp"
        }
      },
      "oauth_client": [
        {
          "client_id": "1083419447082-kleq7tv6gfe6fll0pkn0ogmtr1dk95nr.apps.googleusercontent.com",
          "client_type": 1,
          "android_info": {
            "package_name": "com.malayalamvideostatus.forwhatsapp",
            "certificate_hash": "1464920ff188e3046ded6294c5d43289a6c06f7c"
          }
        },
        {
          "client_id": "1083419447082-c1uvuht8rlucco8dv3qetfk4o4ej6bau.apps.googleusercontent.com",
          "client_type": 3
        }
      ],
      "api_key": [
        {
          "current_key": "AIzaSyBE6bTKwTKS_U7NFHuioLY_6pBS-jiYtNc"
        }
      ],
      "services": {
        "appinvite_service": {
          "other_platform_oauth_client": [
            {
              "client_id": "1083419447082-c1uvuht8rlucco8dv3qetfk4o4ej6bau.apps.googleusercontent.com",
              "client_type": 3
            }
          ]
        }
      }
    }
  ],
  "configuration_version": "1"
}