{
  "project_info": {
    "project_number": "907183486504",
    "firebase_url": "https://pantheon-apps.firebaseio.com",
    "project_id": "pantheon-apps",
    "storage_bucket": "pantheon-apps.appspot.com"
  },
  "client": [
    {
      "client_info": {
        "mobilesdk_app_id": "1:907183486504:android:071e4e1105a8ebc8",
        "android_client_info": {
          "package_name": "com.galaxy.note10wallpaper"
        }
      },
      "oauth_client": [
        {
          "client_id": "907183486504-guhthu8doln2nh0s5j2kfu2pp8v83ch6.apps.googleusercontent.com",
          "client_type": 1,
          "android_info": {
            "package_name": "com.galaxy.note10wallpaper",
            "certificate_hash": "464d2cc0a691fb587b06464d44a257eec42dc96f"
          }
        },
        {
          "client_id": "907183486504-51f9ji0b646j91vm9r0o3i7json50g5l.apps.googleusercontent.com",
          "client_type": 3
        }
      ],
      "api_key": [
        {
          "current_key": "AIzaSyBvy8DtwFVJYEteZEZr74Rot0PNVzzpL_U"
        }
      ],
      "services": {
        "appinvite_service": {
          "other_platform_oauth_client": [
            {
              "client_id": "907183486504-51f9ji0b646j91vm9r0o3i7json50g5l.apps.googleusercontent.com",
              "client_type": 3
            }
          ]
        }
      }
    }
  ],
  "configuration_version": "1"
}