{
  "project_info": {
    "project_number": "281955080055",
    "firebase_url": "https://realmex2pro.firebaseio.com",
    "project_id": "realmex2pro",
    "storage_bucket": "realmex2pro.appspot.com"
  },
  "client": [
    {
      "client_info": {
        "mobilesdk_app_id": "1:281955080055:android:5baa744fdd90245caf7372",
        "android_client_info": {
          "package_name": "com.realmex2pro.wallpaper"
        }
      },
      "oauth_client": [
        {
          "client_id": "281955080055-n9gf9e1hba7c1uodghqvhck1rdoediep.apps.googleusercontent.com",
          "client_type": 1,
          "android_info": {
            "package_name": "com.realmex2pro.wallpaper",
            "certificate_hash": "1464920ff188e3046ded6294c5d43289a6c06f7c"
          }
        },
        {
          "client_id": "281955080055-uli4atioahci7eqoshcqnaupm9s95pos.apps.googleusercontent.com",
          "client_type": 3
        }
      ],
      "api_key": [
        {
          "current_key": "AIzaSyDRvJNbeXSoSqZpG5QtH0WI20d0y0BSAbc"
        }
      ],
      "services": {
        "appinvite_service": {
          "other_platform_oauth_client": [
            {
              "client_id": "281955080055-uli4atioahci7eqoshcqnaupm9s95pos.apps.googleusercontent.com",
              "client_type": 3
            }
          ]
        }
      }
    }
  ],
  "configuration_version": "1"
}