{
  "project_info": {
    "project_number": "482258645868",
    "firebase_url": "https://micc9wallpaper.firebaseio.com",
    "project_id": "micc9wallpaper",
    "storage_bucket": "micc9wallpaper.appspot.com"
  },
  "client": [
    {
      "client_info": {
        "mobilesdk_app_id": "1:482258645868:android:653d71c9cde9fa23",
        "android_client_info": {
          "package_name": "com.micc9wallpaper.hdand4k"
        }
      },
      "oauth_client": [
        {
          "client_id": "482258645868-kq6ifkv6lqtemavtbs44u00j74s1u7mo.apps.googleusercontent.com",
          "client_type": 3
        }
      ],
      "api_key": [
        {
          "current_key": "AIzaSyDbGxgTpP7BlGee7_hDVvmRjA-QtqdaeXg"
        }
      ],
      "services": {
        "appinvite_service": {
          "other_platform_oauth_client": [
            {
              "client_id": "482258645868-kq6ifkv6lqtemavtbs44u00j74s1u7mo.apps.googleusercontent.com",
              "client_type": 3
            }
          ]
        }
      }
    }
  ],
  "configuration_version": "1"
}