{
  "project_info": {
    "project_number": "43935222897",
    "firebase_url": "https://wall-explore.firebaseio.com",
    "project_id": "wall-explore",
    "storage_bucket": "wall-explore.appspot.com"
  },
  "client": [
    {
      "client_info": {
        "mobilesdk_app_id": "1:43935222897:android:8ffcbb993f598293af1fd0",
        "android_client_info": {
          "package_name": "com.wallexplore.breathtaking.wallpapers"
        }
      },
      "oauth_client": [
        {
          "client_id": "43935222897-16actijmkra3773e9frfkjku1mbuqr1o.apps.googleusercontent.com",
          "client_type": 1,
          "android_info": {
            "package_name": "com.wallexplore.breathtaking.wallpapers",
            "certificate_hash": "1464920ff188e3046ded6294c5d43289a6c06f7c"
          }
        },
        {
          "client_id": "43935222897-s0org1rb1a9fu8ui9eo3rr4uq2gs6go1.apps.googleusercontent.com",
          "client_type": 3
        }
      ],
      "api_key": [
        {
          "current_key": "AIzaSyDCZM6MnbV4H_ja5yJsXKEwISTGIrWIfac"
        }
      ],
      "services": {
        "appinvite_service": {
          "other_platform_oauth_client": [
            {
              "client_id": "43935222897-s0org1rb1a9fu8ui9eo3rr4uq2gs6go1.apps.googleusercontent.com",
              "client_type": 3
            }
          ]
        }
      }
    }
  ],
  "configuration_version": "1"
}