{
  "project_info": {
    "project_number": "699282986724",
    "firebase_url": "https://k20prowallpapers.firebaseio.com",
    "project_id": "k20prowallpapers",
    "storage_bucket": "k20prowallpapers.appspot.com"
  },
  "client": [
    {
      "client_info": {
        "mobilesdk_app_id": "1:699282986724:android:cfa501be6d3542ee",
        "android_client_info": {
          "package_name": "com.mi9t.k20prowallpapers"
        }
      },
      "oauth_client": [
        {
          "client_id": "699282986724-r57d9j12r3r7r82rkrir1krs6rupo8p4.apps.googleusercontent.com",
          "client_type": 1,
          "android_info": {
            "package_name": "com.mi9t.k20prowallpapers",
            "certificate_hash": "a23ecdec426bca8f2060e7e1c6743f4cdfd01377"
          }
        },
        {
          "client_id": "699282986724-osvr3ms4pd7gpd44ae9jie3jui60dv11.apps.googleusercontent.com",
          "client_type": 3
        }
      ],
      "api_key": [
        {
          "current_key": "AIzaSyBi9sunkBgzfJZ_cgE2iBQ9yhVXL6H14nc"
        }
      ],
      "services": {
        "appinvite_service": {
          "other_platform_oauth_client": [
            {
              "client_id": "699282986724-osvr3ms4pd7gpd44ae9jie3jui60dv11.apps.googleusercontent.com",
              "client_type": 3
            }
          ]
        }
      }
    }
  ],
  "configuration_version": "1"
}