{
  "data": [
    {
      "cat_id": "1",
      "cat_name": "Arms Workout",
      "cat_image": "arms_workout.png",
      "cat_color": "#6401E6"
    },
    {
      "cat_id": "2",
      "cat_name": "Abs Workout",
      "cat_image": "abs_workout.png",
      "cat_color": "#F90022"
    },
    {
      "cat_id": "3",
      "cat_name": "Back Workout",
      "cat_image": "back_workout.png",
      "cat_color": "#F96C23"
    },
    {
      "cat_id": "4",
      "cat_name": "Wings Workout",
      "cat_image": "wings_workout.png",
      "cat_color": "#007DF9"
    },
    {
      "cat_id": "5",
      "cat_name": "Chest Workout",
      "cat_image": "chest_workout.png",
      "cat_color": "#E60128"
    },
    {
      "cat_id": "6",
      "cat_name": "Legs Workout",
      "cat_image": "legs_workout.png",
      "cat_color": "#8500F9"
    },
    {
      "cat_id": "7",
      "cat_name": "Shoulders Workout",
      "cat_image": "shoulders_workout.png",
      "cat_color": "#D023F9"
    },
    {
      "cat_id": "8",
      "cat_name": "Cardio Workout",
      "cat_image": "cardio_workout.png",
      "cat_color": "#FE8811"
    }
  ]
}