{
    "data": [
    {
      "subcat_id": "1",
      "cat_id": "1",
      "subcat_name": "Biceps",
      "subcat_image": "arms_workout/biceps.png"
    },
    {
      "subcat_id": "2",
      "cat_id": "1",
      "subcat_name": "Triceps",
      "subcat_image": "arms_workout/triceps.png"
    },
    {
      "subcat_id": "3",
      "cat_id": "1",
      "subcat_name": "Forearms",
      "subcat_image": "arms_workout/forearms.png"
    }


    ,
    {
      "subcat_id": "4",
      "cat_id": "2",
      "subcat_name": "Upper Abs",
      "subcat_image": "abs_workout/upper_abs.png"
    },
    {
      "subcat_id": "5",
      "cat_id": "2",
      "subcat_name": "Lower Abs",
      "subcat_image": "abs_workout/lower_abs.png"
    },
    {
      "subcat_id": "6",
      "cat_id": "2",
      "subcat_name": "Obliques",
      "subcat_image": "abs_workout/obliques.png"
    }


    ,
    {
      "subcat_id": "7",
      "cat_id": "3",
      "subcat_name": "Upper Back",
      "subcat_image": "back_workout/upper_back.png"
    },
    {
      "subcat_id": "8",
      "cat_id": "3",
      "subcat_name": "V-Shape Back",
      "subcat_image": "back_workout/v_shape_back.png"
    },
    {
      "subcat_id": "9",
      "cat_id": "3",
      "subcat_name": "Lower Back",
      "subcat_image": "back_workout/lower_back.png"
    }


    ,
    {
      "subcat_id": "10",
      "cat_id": "4",
      "subcat_name": "V-Shaped Wings",
      "subcat_image": "wings_workout/v_shaped_wings.png"
    },
    {
      "subcat_id": "11",
      "cat_id": "4",
      "subcat_name": "Wings Extension",
      "subcat_image": "wings_workout/wings_extension.png"
    }


    ,
    {
      "subcat_id": "12",
      "cat_id": "5",
      "subcat_name": "Upper Chest",
      "subcat_image": "chest_workout/uppe_chest.png"
    },
    {
      "subcat_id": "13",
      "cat_id": "5",
      "subcat_name": "Middle Chest",
      "subcat_image": "chest_workout/middle_chest.png"
    },
    {
      "subcat_id": "14",
      "cat_id": "5",
      "subcat_name": "Lower Chest",
      "subcat_image": "chest_workout/lower_chest.png"
    }


    ,
    {
      "subcat_id": "15",
      "cat_id": "6",
      "subcat_name": "Front Thighs",
      "subcat_image": "legs_workout/front-thighs.png"
    },
    {
      "subcat_id": "16",
      "cat_id": "6",
      "subcat_name": "Back Thighs",
      "subcat_image": "legs_workout/back_thighs.png"
    },
    {
      "subcat_id": "17",
      "cat_id": "6",
      "subcat_name": "Calfs",
      "subcat_image": "legs_workout/calfs.png"
    },
    {
      "subcat_id": "18",
      "cat_id": "6",
      "subcat_name": "Hips",
      "subcat_image": "legs_workout/hips.png"
    }


    ,
    {
      "subcat_id": "19",
      "cat_id": "7",
      "subcat_name": "Front Shoulders",
      "subcat_image": "shoulders_workout/front_shoulders.png"
    },
    {
      "subcat_id": "20",
      "cat_id": "7",
      "subcat_name": "Back Shoulders",
      "subcat_image": "shoulders_workout/back_shoulders.png"
    },
    {
      "subcat_id": "21",
      "cat_id": "7",
      "subcat_name": "Traps",
      "subcat_image": "shoulders_workout/traps.png"
    }


    ,
    {
      "subcat_id": "22",
      "cat_id": "8",
      "subcat_name": "Cardio",
      "subcat_image": "cardio_workout/cardio.png"
    },
    {
      "subcat_id": "23",
      "cat_id": "8",
      "subcat_name": "Streching",
      "subcat_image": "cardio_workout/streching.png"
    },
    {
      "subcat_id": "24",
      "cat_id": "8",
      "subcat_name": "Yoga",
      "subcat_image": "cardio_workout/yoga.png"
    }


  ]
}