{
  "project_info": {
    "project_number": "750612118437",
    "firebase_url": "https://baba-ambedkar-status.firebaseio.com",
    "project_id": "baba-ambedkar-status",
    "storage_bucket": "baba-ambedkar-status.appspot.com"
  },
  "client": [
    {
      "client_info": {
        "mobilesdk_app_id": "1:750612118437:android:88e9290d1ec480ea",
        "android_client_info": {
          "package_name": "babasaheb.ambedkarstatus.andstatus"
        }
      },
      "oauth_client": [
        {
          "client_id": "750612118437-tul6u4g2vktp4d92v1osjq172n5drp7k.apps.googleusercontent.com",
          "client_type": 1,
          "android_info": {
            "package_name": "babasaheb.ambedkarstatus.andstatus",
            "certificate_hash": "1464920ff188e3046ded6294c5d43289a6c06f7c"
          }
        },
        {
          "client_id": "750612118437-m08icl2ab4j4m0c50rblisast5mg34lq.apps.googleusercontent.com",
          "client_type": 3
        }
      ],
      "api_key": [
        {
          "current_key": "AIzaSyA5kS6N7ZEF4_81I2brMJjgR6LUcHQmLMo"
        }
      ],
      "services": {
        "appinvite_service": {
          "other_platform_oauth_client": [
            {
              "client_id": "750612118437-m08icl2ab4j4m0c50rblisast5mg34lq.apps.googleusercontent.com",
              "client_type": 3
            }
          ]
        }
      }
    }
  ],
  "configuration_version": "1"
}