{
  "project_info": {
    "project_number": "758326522824",
    "firebase_url": "https://abdul-kalam-app.firebaseio.com",
    "project_id": "abdul-kalam-app",
    "storage_bucket": "abdul-kalam-app.appspot.com"
  },
  "client": [
    {
      "client_info": {
        "mobilesdk_app_id": "1:758326522824:android:efe586fcf98ca408",
        "android_client_info": {
          "package_name": "com.abdulkalamquotes.imagesand.status"
        }
      },
      "oauth_client": [
        {
          "client_id": "758326522824-6fv1ti7b0h7a1cagshv3d29johehghp4.apps.googleusercontent.com",
          "client_type": 1,
          "android_info": {
            "package_name": "com.abdulkalamquotes.imagesand.status",
            "certificate_hash": "1464920ff188e3046ded6294c5d43289a6c06f7c"
          }
        },
        {
          "client_id": "758326522824-llil51ngj31lj37lrja31ovr99fsosmg.apps.googleusercontent.com",
          "client_type": 3
        }
      ],
      "api_key": [
        {
          "current_key": "AIzaSyDHGnTn3mBg93HcOmwDYdtrh4v83x0DZvI"
        }
      ],
      "services": {
        "appinvite_service": {
          "other_platform_oauth_client": [
            {
              "client_id": "758326522824-llil51ngj31lj37lrja31ovr99fsosmg.apps.googleusercontent.com",
              "client_type": 3
            }
          ]
        }
      }
    }
  ],
  "configuration_version": "1"
}