{
  "project_info": {
    "project_number": "511808451157",
    "firebase_url": "https://oneplus-8-abstract-wallpaper.firebaseio.com",
    "project_id": "oneplus-8-abstract-wallpaper",
    "storage_bucket": "oneplus-8-abstract-wallpaper.appspot.com"
  },
  "client": [
    {
      "client_info": {
        "mobilesdk_app_id": "1:511808451157:android:069d1e25ebf3279f5d1adc",
        "android_client_info": {
          "package_name": "com.oneplus8.abstractwallpaper"
        }
      },
      "oauth_client": [
        {
          "client_id": "511808451157-1nki64dqhlrfafqr26ivgijbjsm86m53.apps.googleusercontent.com",
          "client_type": 1,
          "android_info": {
            "package_name": "com.oneplus8.abstractwallpaper",
            "certificate_hash": "1464920ff188e3046ded6294c5d43289a6c06f7c"
          }
        },
        {
          "client_id": "511808451157-rfo9dfi9c2fg0j9dsuirugukja4d984k.apps.googleusercontent.com",
          "client_type": 3
        }
      ],
      "api_key": [
        {
          "current_key": "AIzaSyB_WPbi8WMBBGyoHAB_GgCTdTGs9Po7Gko"
        }
      ],
      "services": {
        "appinvite_service": {
          "other_platform_oauth_client": [
            {
              "client_id": "511808451157-rfo9dfi9c2fg0j9dsuirugukja4d984k.apps.googleusercontent.com",
              "client_type": 3
            }
          ]
        }
      }
    }
  ],
  "configuration_version": "1"
}