{
  "project_info": {
    "project_number": "938372502971",
    "firebase_url": "https://redmi-k30-wallpapers.firebaseio.com",
    "project_id": "redmi-k30-wallpapers",
    "storage_bucket": "redmi-k30-wallpapers.appspot.com"
  },
  "client": [
    {
      "client_info": {
        "mobilesdk_app_id": "1:938372502971:android:f11a8d0c19ec68a3baa09e",
        "android_client_info": {
          "package_name": "com.redmik30.wallpapers.amoled"
        }
      },
      "oauth_client": [
        {
          "client_id": "938372502971-jkvkpkcjrdescsg2ph0as7gdcd2f34hq.apps.googleusercontent.com",
          "client_type": 1,
          "android_info": {
            "package_name": "com.redmik30.wallpapers.amoled",
            "certificate_hash": "1464920ff188e3046ded6294c5d43289a6c06f7c"
          }
        },
        {
          "client_id": "938372502971-ha4k1k9mf04pdiarj1go2godr7ebg4aa.apps.googleusercontent.com",
          "client_type": 3
        }
      ],
      "api_key": [
        {
          "current_key": "AIzaSyDZM1sNtMopE2nNwovD5mY2o9VMQMmXuDw"
        }
      ],
      "services": {
        "appinvite_service": {
          "other_platform_oauth_client": [
            {
              "client_id": "938372502971-ha4k1k9mf04pdiarj1go2godr7ebg4aa.apps.googleusercontent.com",
              "client_type": 3
            }
          ]
        }
      }
    }
  ],
  "configuration_version": "1"
}