{
  "project_info": {
    "project_number": "538578891303",
    "firebase_url": "https://tamil-video-status-app-c70b7.firebaseio.com",
    "project_id": "tamil-video-status-app-c70b7",
    "storage_bucket": "tamil-video-status-app-c70b7.appspot.com"
  },
  "client": [
    {
      "client_info": {
        "mobilesdk_app_id": "1:538578891303:android:02baf2a0e805fa4e109402",
        "android_client_info": {
          "package_name": "com.tamilvideostatusapp.forwhatsapp"
        }
      },
      "oauth_client": [
        {
          "client_id": "538578891303-lult9sbt2sffs4c1gf5b4naasn9h92p1.apps.googleusercontent.com",
          "client_type": 1,
          "android_info": {
            "package_name": "com.tamilvideostatusapp.forwhatsapp",
            "certificate_hash": "1464920ff188e3046ded6294c5d43289a6c06f7c"
          }
        },
        {
          "client_id": "538578891303-1isiu055ukaauflvivt3l7jmd5plsasb.apps.googleusercontent.com",
          "client_type": 3
        }
      ],
      "api_key": [
        {
          "current_key": "AIzaSyANUiDVgyRTteDTMJ6ICA5i3S7F7E_IUzo"
        }
      ],
      "services": {
        "appinvite_service": {
          "other_platform_oauth_client": [
            {
              "client_id": "538578891303-1isiu055ukaauflvivt3l7jmd5plsasb.apps.googleusercontent.com",
              "client_type": 3
            }
          ]
        }
      }
    }
  ],
  "configuration_version": "1"
}