{
  "project_info": {
    "project_number": "1030862130809",
    "firebase_url": "https://redmi-note-8-wallpaper.firebaseio.com",
    "project_id": "redmi-note-8-wallpaper",
    "storage_bucket": "redmi-note-8-wallpaper.appspot.com"
  },
  "client": [
    {
      "client_info": {
        "mobilesdk_app_id": "1:1030862130809:android:1a5ac645972f26966f0ea8",
        "android_client_info": {
          "package_name": "com.redminote8.wallpapersandbackground"
        }
      },
      "oauth_client": [
        {
          "client_id": "1030862130809-2okrerpj49dnfvcqeoprbni1v8bu1u8k.apps.googleusercontent.com",
          "client_type": 1,
          "android_info": {
            "package_name": "com.redminote8.wallpapersandbackground",
            "certificate_hash": "1464920ff188e3046ded6294c5d43289a6c06f7c"
          }
        },
        {
          "client_id": "1030862130809-i4984l7pfg9tn771ads9qhosceie0kjt.apps.googleusercontent.com",
          "client_type": 3
        }
      ],
      "api_key": [
        {
          "current_key": "AIzaSyBnbjZTpzrnqUX07rZobur4Ao6deK9UYek"
        }
      ],
      "services": {
        "appinvite_service": {
          "other_platform_oauth_client": [
            {
              "client_id": "1030862130809-i4984l7pfg9tn771ads9qhosceie0kjt.apps.googleusercontent.com",
              "client_type": 3
            }
          ]
        }
      }
    }
  ],
  "configuration_version": "1"
}