{
  "project_info": {
    "project_number": "834024840417",
    "firebase_url": "https://diwali-video-status-bab00.firebaseio.com",
    "project_id": "diwali-video-status-bab00",
    "storage_bucket": "diwali-video-status-bab00.appspot.com"
  },
  "client": [
    {
      "client_info": {
        "mobilesdk_app_id": "1:834024840417:android:c2098a3b70c6a3ab342ba0",
        "android_client_info": {
          "package_name": "com.diwalivideostatus2019"
        }
      },
      "oauth_client": [
        {
          "client_id": "834024840417-9hsppll2j71jk2s5r66me35iu92v2aai.apps.googleusercontent.com",
          "client_type": 1,
          "android_info": {
            "package_name": "com.diwalivideostatus2019",
            "certificate_hash": "1464920ff188e3046ded6294c5d43289a6c06f7c"
          }
        },
        {
          "client_id": "834024840417-tq8vj73l1o0j45koiemoe9m29bu1mvoq.apps.googleusercontent.com",
          "client_type": 3
        }
      ],
      "api_key": [
        {
          "current_key": "AIzaSyDTF18yLDd-87E479_bI8ki2JeVCDN3Irg"
        }
      ],
      "services": {
        "appinvite_service": {
          "other_platform_oauth_client": [
            {
              "client_id": "834024840417-tq8vj73l1o0j45koiemoe9m29bu1mvoq.apps.googleusercontent.com",
              "client_type": 3
            }
          ]
        }
      }
    }
  ],
  "configuration_version": "1"
}