{
  "project_info": {
    "project_number": "960393200463",
    "firebase_url": "https://kabir-ji-ke-dohe.firebaseio.com",
    "project_id": "kabir-ji-ke-dohe",
    "storage_bucket": "kabir-ji-ke-dohe.appspot.com"
  },
  "client": [
    {
      "client_info": {
        "mobilesdk_app_id": "1:960393200463:android:02e47e26903660809dfb3a",
        "android_client_info": {
          "package_name": "com.kabirjikedoheandquotes"
        }
      },
      "oauth_client": [
        {
          "client_id": "960393200463-tdmlt8dnvp4t5dvfg9pq434csks3u4fb.apps.googleusercontent.com",
          "client_type": 1,
          "android_info": {
            "package_name": "com.kabirjikedoheandquotes",
            "certificate_hash": "1464920ff188e3046ded6294c5d43289a6c06f7c"
          }
        },
        {
          "client_id": "960393200463-nlrujb6gsr7ln4hvor9m55ifc7m57k7t.apps.googleusercontent.com",
          "client_type": 3
        }
      ],
      "api_key": [
        {
          "current_key": "AIzaSyAB_lMPwl-W0rPxLcRdkp7-AX4xc21ziFk"
        }
      ],
      "services": {
        "appinvite_service": {
          "other_platform_oauth_client": [
            {
              "client_id": "960393200463-nlrujb6gsr7ln4hvor9m55ifc7m57k7t.apps.googleusercontent.com",
              "client_type": 3
            }
          ]
        }
      }
    }
  ],
  "configuration_version": "1"
}