{
  "project_info": {
    "project_number": "740939487259",
    "firebase_url": "https://pixel-4-wallpaper.firebaseio.com",
    "project_id": "pixel-4-wallpaper",
    "storage_bucket": "pixel-4-wallpaper.appspot.com"
  },
  "client": [
    {
      "client_info": {
        "mobilesdk_app_id": "1:740939487259:android:37091caff6a08432",
        "android_client_info": {
          "package_name": "com.pixel4.wallpaperandbackground"
        }
      },
      "oauth_client": [
        {
          "client_id": "740939487259-82fqo1g0ukb1derhqpo656h02a7p79t7.apps.googleusercontent.com",
          "client_type": 1,
          "android_info": {
            "package_name": "com.pixel4.wallpaperandbackground",
            "certificate_hash": "1464920ff188e3046ded6294c5d43289a6c06f7c"
          }
        },
        {
          "client_id": "740939487259-1vaali7lumdac3on0jmruubmrtmlonam.apps.googleusercontent.com",
          "client_type": 3
        }
      ],
      "api_key": [
        {
          "current_key": "AIzaSyBDfvuqXMceKbQzmVJB5X96x-IHwp3LG3I"
        }
      ],
      "services": {
        "appinvite_service": {
          "other_platform_oauth_client": [
            {
              "client_id": "740939487259-1vaali7lumdac3on0jmruubmrtmlonam.apps.googleusercontent.com",
              "client_type": 3
            }
          ]
        }
      }
    }
  ],
  "configuration_version": "1"
}