{
  "project_info": {
    "project_number": "295481819717",
    "firebase_url": "https://mothers-day-status-images.firebaseio.com",
    "project_id": "mothers-day-status-images",
    "storage_bucket": "mothers-day-status-images.appspot.com"
  },
  "client": [
    {
      "client_info": {
        "mobilesdk_app_id": "1:295481819717:android:6d9bd5cd53c2762d90d92c",
        "android_client_info": {
          "package_name": "com.happymothersdayquotes.status.wishesand.Images"
        }
      },
      "oauth_client": [
        {
          "client_id": "295481819717-tmi7jmckcs99c4u5quhovmilm0iijnl7.apps.googleusercontent.com",
          "client_type": 1,
          "android_info": {
            "package_name": "com.happymothersdayquotes.status.wishesand.Images",
            "certificate_hash": "1464920ff188e3046ded6294c5d43289a6c06f7c"
          }
        },
        {
          "client_id": "295481819717-20l6rls3rbe9ucrhc22b8ao6973um56i.apps.googleusercontent.com",
          "client_type": 3
        }
      ],
      "api_key": [
        {
          "current_key": "AIzaSyAc-G6YmHr-sVGRM7vwLzvNBv2HD_lVJMc"
        }
      ],
      "services": {
        "appinvite_service": {
          "other_platform_oauth_client": [
            {
              "client_id": "295481819717-20l6rls3rbe9ucrhc22b8ao6973um56i.apps.googleusercontent.com",
              "client_type": 3
            }
          ]
        }
      }
    }
  ],
  "configuration_version": "1"
}