{
  "project_info": {
    "project_number": "97606413237",
    "firebase_url": "https://inspiring-success-storie-6bfb9.firebaseio.com",
    "project_id": "inspiring-success-storie-6bfb9",
    "storage_bucket": "inspiring-success-storie-6bfb9.appspot.com"
  },
  "client": [
    {
      "client_info": {
        "mobilesdk_app_id": "1:97606413237:android:90776a357f17f3d9ad87fc",
        "android_client_info": {
          "package_name": "com.inspiringsuccess.storiesinhindi"
        }
      },
      "oauth_client": [
        {
          "client_id": "97606413237-plpq90a6d931bq7ajct69r4741niddeb.apps.googleusercontent.com",
          "client_type": 1,
          "android_info": {
            "package_name": "com.inspiringsuccess.storiesinhindi",
            "certificate_hash": "1464920ff188e3046ded6294c5d43289a6c06f7c"
          }
        },
        {
          "client_id": "97606413237-2m67or6ihe7planeem7fv502n19rllqq.apps.googleusercontent.com",
          "client_type": 3
        }
      ],
      "api_key": [
        {
          "current_key": "AIzaSyAz5Gdxkq5OwRmKfxJ1CpCV3PIyA9tY-v4"
        }
      ],
      "services": {
        "appinvite_service": {
          "other_platform_oauth_client": [
            {
              "client_id": "97606413237-2m67or6ihe7planeem7fv502n19rllqq.apps.googleusercontent.com",
              "client_type": 3
            }
          ]
        }
      }
    }
  ],
  "configuration_version": "1"
}