{
  "project_info": {
    "project_number": "1001494813627",
    "firebase_url": "https://benefits-of-lemon.firebaseio.com",
    "project_id": "benefits-of-lemon",
    "storage_bucket": "benefits-of-lemon.appspot.com"
  },
  "client": [
    {
      "client_info": {
        "mobilesdk_app_id": "1:1001494813627:android:c7484f68984fbfd5",
        "android_client_info": {
          "package_name": "com.nimbukefayde.and.nuskhe"
        }
      },
      "oauth_client": [
        {
          "client_id": "1001494813627-mvdkpucq3clv71c8mn1l405utk8q3vfv.apps.googleusercontent.com",
          "client_type": 1,
          "android_info": {
            "package_name": "com.nimbukefayde.and.nuskhe",
            "certificate_hash": "1464920ff188e3046ded6294c5d43289a6c06f7c"
          }
        },
        {
          "client_id": "1001494813627-kvk15ui7081g053hhqusj78a3oav1fb3.apps.googleusercontent.com",
          "client_type": 3
        }
      ],
      "api_key": [
        {
          "current_key": "AIzaSyCYHNV1EkBFKWNJOV3gevGJNhCp1pU4J0M"
        }
      ],
      "services": {
        "appinvite_service": {
          "other_platform_oauth_client": [
            {
              "client_id": "1001494813627-kvk15ui7081g053hhqusj78a3oav1fb3.apps.googleusercontent.com",
              "client_type": 3
            }
          ]
        }
      }
    }
  ],
  "configuration_version": "1"
}