{
  "project_info": {
    "project_number": "967309817765",
    "firebase_url": "https://navratri-video-status-f4f17.firebaseio.com",
    "project_id": "navratri-video-status-f4f17",
    "storage_bucket": "navratri-video-status-f4f17.appspot.com"
  },
  "client": [
    {
      "client_info": {
        "mobilesdk_app_id": "1:967309817765:android:cc66b99a95da2679409a4c",
        "android_client_info": {
          "package_name": "com.navratrivideostatus.lyrical"
        }
      },
      "oauth_client": [
        {
          "client_id": "967309817765-uabuq3dm726fru3bb5bdufkm54h02d9t.apps.googleusercontent.com",
          "client_type": 1,
          "android_info": {
            "package_name": "com.navratrivideostatus.lyrical",
            "certificate_hash": "1464920ff188e3046ded6294c5d43289a6c06f7c"
          }
        },
        {
          "client_id": "967309817765-e13pe2ulqbmbe1bd1f8tas91q7r2p7f5.apps.googleusercontent.com",
          "client_type": 3
        }
      ],
      "api_key": [
        {
          "current_key": "AIzaSyCvd50k74SnRSuRRuAdVC3k7efHQfLj5Qg"
        }
      ],
      "services": {
        "appinvite_service": {
          "other_platform_oauth_client": [
            {
              "client_id": "967309817765-e13pe2ulqbmbe1bd1f8tas91q7r2p7f5.apps.googleusercontent.com",
              "client_type": 3
            }
          ]
        }
      }
    }
  ],
  "configuration_version": "1"
}