{
  "project_info": {
    "project_number": "34357682799",
    "firebase_url": "https://gujarati-video-status-8c208.firebaseio.com",
    "project_id": "gujarati-video-status-8c208",
    "storage_bucket": "gujarati-video-status-8c208.appspot.com"
  },
  "client": [
    {
      "client_info": {
        "mobilesdk_app_id": "1:34357682799:android:dd3aa38b3eceeb03aee39a",
        "android_client_info": {
          "package_name": "com.gujarativideostatus.lyricalandfullscreen"
        }
      },
      "oauth_client": [
        {
          "client_id": "34357682799-otdsllhq36nrcslipdtpbnmb6umietbp.apps.googleusercontent.com",
          "client_type": 1,
          "android_info": {
            "package_name": "com.gujarativideostatus.lyricalandfullscreen",
            "certificate_hash": "1464920ff188e3046ded6294c5d43289a6c06f7c"
          }
        },
        {
          "client_id": "34357682799-q0uaoi0j2kaint65jj0lnntdt570mii9.apps.googleusercontent.com",
          "client_type": 3
        }
      ],
      "api_key": [
        {
          "current_key": "AIzaSyAWganyGXzppukkk2HnQjEJIc9Dg_0TAac"
        }
      ],
      "services": {
        "appinvite_service": {
          "other_platform_oauth_client": [
            {
              "client_id": "34357682799-q0uaoi0j2kaint65jj0lnntdt570mii9.apps.googleusercontent.com",
              "client_type": 3
            }
          ]
        }
      }
    }
  ],
  "configuration_version": "1"
}