{
  "project_info": {
    "project_number": "552996418767",
    "firebase_url": "https://pose-photography.firebaseio.com",
    "project_id": "pose-photography",
    "storage_bucket": "pose-photography.appspot.com"
  },
  "client": [
    {
      "client_info": {
        "mobilesdk_app_id": "1:552996418767:android:7f3548c648db0300",
        "android_client_info": {
          "package_name": "com.coolposeideas.forphotography"
        }
      },
      "oauth_client": [
        {
          "client_id": "552996418767-qvskrvfc3gd74mr3c243hm2ma60uf6ou.apps.googleusercontent.com",
          "client_type": 1,
          "android_info": {
            "package_name": "com.coolposeideas.forphotography",
            "certificate_hash": "1464920ff188e3046ded6294c5d43289a6c06f7c"
          }
        },
        {
          "client_id": "552996418767-5gok5lgn06d8j7fkpuhf9o1u82b316g1.apps.googleusercontent.com",
          "client_type": 3
        }
      ],
      "api_key": [
        {
          "current_key": "AIzaSyCR8KdQKo0uTxngLVzojt_rZZDqD-3kamo"
        }
      ],
      "services": {
        "appinvite_service": {
          "other_platform_oauth_client": [
            {
              "client_id": "552996418767-5gok5lgn06d8j7fkpuhf9o1u82b316g1.apps.googleusercontent.com",
              "client_type": 3
            }
          ]
        }
      }
    }
  ],
  "configuration_version": "1"
}